Naam	Brouwerij	Plaats
10	Abbaye de Maredsous	Dene
6	Abbaye de Maredsous	Dene
8	Abbaye de Maredsous	Dene
Abbaye de Floreffe Double	Brasserie Lefebvre	Quenast
Abbaye de Saint-Martin Blonde	Brasserie de Brunehaut	Brunehaut
Abbaye de Saint-Martin Brune	Brasserie de Brunehaut	Brunehaut
Abbaye de Saint-Martin Cuvée de Noel	Brasserie de Brunehaut	Brunehaut
Abbaye de Saint-Martin Triple	Brasserie de Brunehaut	Brunehaut
Abbaye de St Amand	Brasserie de Brunehaut	Brunehaut
Abbey Brown Ale / Pater	Brewery Corsendonk	Oud-Turnhout
Abt 12	Brouwerij St. Bernardus	Watou
Achel Blond 5°	Brouwerij der Sint-Benedictusabdij de Achelse Kluis	Achel
Achel Blond 8°	Brouwerij der Sint-Benedictusabdij de Achelse Kluis	Achel
Achel Bruin 5°	Brouwerij der Sint-Benedictusabdij de Achelse Kluis	Achel
Achel Bruin 8°	Brouwerij der Sint-Benedictusabdij de Achelse Kluis	Achel
Achel Trappist Extra	Brouwerij der Sint-Benedictusabdij de Achelse Kluis	Achel
Affligem Dobbel	Brouwerij De Smedt	Opwijk
Affligem Dubbel	Affligem Brouwerij	Opwijk
Affligem Noël	Brouwerij De Smedt	Opwijk
Affligem Tripel	Brouwerij De Smedt	Opwijk
Alexander	Brouwerij Rodenbach	Roeselare
All Saints Belgian Golden Ale	Liefmans Breweries	Dentergem
All Saints Belgian White Ale	Liefmans Breweries	Dentergem
Amber	Brasserie La Caracole	Falmignoul
Ambree	Brasserie De L'Abbaye Des Rocs	Montignies-sur-Roc
Andelot Angelique	De Proef Brouwerij	Lochristi-Hijfte
Andelot Cuvee Diabolique	De Proef Brouwerij	Lochristi-Hijfte
Andelot Euphorique	De Proef Brouwerij	Lochristi-Hijfte
Andelot Mystique	De Proef Brouwerij	Lochristi-Hijfte
Arabier	Brouwerij De Dolle Brouwers	Esen
Augustijn Ale	Brouwerij Van Steenberge	Ertvelde
Avec Les Bons Voeux	Brasserie Dupont	Tourpes
Belgian Burgundy Ale	Brasserie De L'Abbaye Des Rocs	Montignies-sur-Roc
Bellegems Bruin	Brouwerij Bockor	Bellegem
Bière Blanche	Brouwerij St. Bernardus	Watou
Bière Darbyste	Brasserie de Blaugies	Blaugies
Bière de Gamme	Brasserie Artisanale de Rulles	Habay-Rulles
Bière de Mars	Brasserie D'Achouffe	Houffalize-Achouffe
Bière de Miel	Brasserie Dupont	Tourpes
Bière du Boucanier	ICOBES b.v.b.a.	Evergem
Bière du Lion	Brasserie de Vervifontaine	Jalhay-Vervifontaine
Black Albert	De Struise Brouwers	Woesten
Blanche de Bruges	Brouwerij de Gouden Boom	Brugge
Blanche de Bruxelles Mannekin Pis	Brasserie Lefebvre	Quenast
Blanche de Namur	Brasserie du Bocq	Purnode
Blanche des Honnelles	Brasserie De L'Abbaye Des Rocs	Montignies-sur-Roc
Blanche des Moines	Brasserie du Bocq	Purnode
Blanche Double	Brasserie De L'Abbaye Des Rocs	Montignies-sur-Roc
Bloesem Bink	Brouwerij Kerkom	Kerkom
Blonde	Brasserie De L'Abbaye Des Rocs	Montignies-sur-Roc
Blonde	Brasserie de l'Abbaye Val-Dieu	Aubel
Blonde Tradition	Brasserie La Binchoise	Binche
Bokrijks Kruikenbier	Brouwerij Sterkens	Hoogstraten-Meer
Bornem Double	Brouwerij Van Steenberge	Ertvelde
Bornem Triple	Brouwerij Van Steenberge	Ertvelde
Bos Keun	Brouwerij De Dolle Brouwers	Esen
Brasserie de Brunehaut Bio Bière Ambrée (Organic)	Brasserie de Brunehaut	Brunehaut
Brasserie de Brunehaut Bio Bière Blanche (Organic)	Brasserie de Brunehaut	Brunehaut
Brasserie De Brunehaut Bio Bière Blonde (Organic)	Brasserie de Brunehaut	Brunehaut
Bravoure	de dochter van de korenaar	baarle-hertog
Brigand	Brouwerij Van Honsebrouck	Ingelmunster
Bruegel Amber Ale	Brouwerij Van Steenberge	Ertvelde
Brugse Zot	De Halve Maan	Brugge
Brugse Zot Double	De Halve Maan	Brugge
Bruin Tradition / Brune Tradition	Brasserie La Binchoise	Binche
Brune	Brasserie De L'Abbaye Des Rocs	Montignies-sur-Roc
Brune (Brown)	Abbaye de Leffe	Dinant
Brune / Brown	Brasserie de l'Abbaye Val-Dieu	Aubel
Brune / Bruin	Brouwerij St-Feuillien	Le Roeulx
Bruocsella 1900 Grand Cru	Brasserie-Brouwerij Cantillon	Anderlecht
Buffalo Belgian Stout	Brouwerij Van Den Bossche	Sint-Lievens-Esse
Canaster Winter Scotch	Kleinbrouwerij de Glazen Toren	Erpe-Mere
Chapeau Exotic Lambic	Brewery De Troch	Ternat
Chapeau Fraises Lambic	Brewery De Troch	Ternat
Chapeau Framboise Lambic	Brewery De Troch	Ternat
Chapeau Mirabelle Lambic	Brewery De Troch	Ternat
Chapeau Pêche Lambic	Brewery De Troch	Ternat
Chapeau Tropical Lambic	Brewery De Troch	Ternat
Chimay Dorée	Chimay (Abbaye Notre Dame de Scourmont)	Chimay
Chimay Grand Reserve(Chimay Blue)	Chimay (Abbaye Notre Dame de Scourmont)	Chimay
Chimay Première (Chimay Red)	Chimay (Abbaye Notre Dame de Scourmont)	Chimay
Chimay Triple (Chimay White)	Chimay (Abbaye Notre Dame de Scourmont)	Chimay
Chocolat	Brasserie Fantme	Soy
Chouffe-Bok	Brasserie D'Achouffe	Houffalize-Achouffe
Christmas Ale	Brewery Corsendonk	Oud-Turnhout
Cinq Cents (White)	Brasserie de l'Abbaye de Scourmont (Trappistes)	Chimay-Forges
Classic Gueuze	Brasserie-Brouwerij Cantillon	Anderlecht
Clovis	Brasserie Dubuisson	Pipaix
Cuvée des Champions 2003-2004	Brasserie-Brouwerij Cantillon	Anderlecht
Cuvée René Grand Cru Gueuze Lambic	Brouwerij Lindemans	Vlezenbeek
Daas Organic Blond	Daas	Tournai
Daas Organic Witte	Daas	Tournai
Dark White	Brasserie Fantme	Soy
Delirium Noël	Brouwerij Huyghe	Melle
Delirium Nocturnum	Brouwerij Huyghe	Melle
Delirium Tremens	Brouwerij Huyghe	Melle
Deus Brut des Flandres	Brouwerij Bosteels	Buggenhout
Double Enghien Blonde Ale	Brasserie de Silly	Silly
Double Enghien Bruin	Brasserie de Silly	Silly
Drie Fonteinen Kriek	3 Fonteinen Brouwerij Ambachtelijke Geuzestekerij	Beersel
Duchesse de Bourgogne	Brouwerij Verhaeghe	Vichte
Duinen Dubbel	Brouwerij Huyghe	Melle
Duinen Tripel	Brouwerij Huyghe	Melle
Dulle Teve / Mad Bitch	Brouwerij De Dolle Brouwers	Esen
Duvel	Duvel Moortgat	Breendonk
Echte Kriek	Brouwerij Verhaeghe	Vichte
embrasse	de dochter van de korenaar	baarle-hertog
Ename Tripel	Brouwerij Roman	Oudenaarde
Equinox Dark Belgian Winter	Brasserie de la Senne	Sint-Pieters-Leeuw
Ertvelds Wit	Brouwerij Van Steenberge	Ertvelde
Flemish Primitive Wild Ale (Demon Fish)	De Proef Brouwerij	Lochristi-Hijfte
Flemish Primitive Wild Ale (Pig Nun)	De Proef Brouwerij	Lochristi-Hijfte
Flemish Primitive Wild Ale (Pin Head)	De Proef Brouwerij	Lochristi-Hijfte
Flemish Primitive Wild Ale (Spoon Whacker)	De Proef Brouwerij	Lochristi-Hijfte
Flemish Primitive Wild Ale (Surly Bird)	De Proef Brouwerij	Lochristi-Hijfte
Foret Saison	Brasserie Dupont	Tourpes
Framboise	Brouwerij Lindemans	Vlezenbeek
Framboise 1997	Brouwerij Boon	Lembeek
Geuze Boon	Brouwerij Boon	Lembeek
Gluhkriek	Brouwerij Liefmans	Oudenaarde
Gouden Carolus Ambrio 1471	Brouwerij Het Anker	Mechelen
Gouden Carolus Hopsinjoor	Brouwerij Het Anker	Mechelen
Gouden Carolus Noël	Brouwerij Het Anker	Mechelen
Gouden Carolus Tripel	Brouwerij Het Anker	Mechelen
Goudenband 1996	Brouwerij Liefmans	Oudenaarde
Goudenband 1999	Brouwerij Liefmans	Oudenaarde
Goudenband 2002	Brouwerij Liefmans	Oudenaarde
Gouyasse / Goliath	Brasserie des Gants	Irchonwelz
Grand Cru	Brasserie De L'Abbaye Des Rocs	Montignies-sur-Roc
Grand Cru	Brasserie de l'Abbaye Val-Dieu	Aubel
Grand Cru	Brouwerij Rodenbach	Roeselare
Grand Cru of the Emperor	Brouwerij Het Anker	Mechelen
Grimbergen Blonde	Brouwerij Alken-Maes	Jumet
Grotten Brown	Brouwerij St. Bernardus	Watou
Grotten Flemish Ale	Brouwerij St. Bernardus	Watou
Grottenbier	Folx-les-Caves	Jauche
Gueuze	Brewery Belle-Vue	Molenbeek
Gueuze 1882	Brouwerij Girardin	Sint-Ulriks-Kapelle
Gueuze Bio / Organic Gueuze	Brasserie-Brouwerij Cantillon	Anderlecht
Gueuze Cuvée René	Brouwerij Lindemans	Vlezenbeek
Gulden Draak	Brouwerij Van Steenberge	Ertvelde
Guldenberg	Brouwerij De Ranke	Wevelgem
Head Trip	Brouwerij Van Steenberge	Ertvelde
Hercule Stout	Brasserie Ellezelloise	Ellezelles
Het Kapittel Abt	Brouwerij Van Eecke	Watou
Het Kapittel Pater	Brouwerij Van Eecke	Watou
Hoegaarden	Brouwerij van Hoegaarden	Hoegaarden
Houblon	Brasserie D'Achouffe	Houffalize-Achouffe
Iris	Brasserie-Brouwerij Cantillon	Anderlecht
Iris 1996	Brasserie-Brouwerij Cantillon	Anderlecht
Jan de Lichte	Kleinbrouwerij de Glazen Toren	Erpe-Mere
Joseph Spelt Ale	Brasserie De Silenrieux	Cerfontaine-Silenrieux
Jupiler	InBev	Leuven
K-O Blond Beer	De Proef Brouwerij	Lochristi-Hijfte
Kasteel Bier Brune	Brouwerij Van Honsebrouck	Ingelmunster
Kasteel Bier Donker-Foncee	Brouwerij Van Honsebrouck	Ingelmunster
Kasteel Blonde	Van Honsebrouch	Ingelmunster
Kerst Pater Special Christmas Beer	Brouwerij Van Den Bossche	Sint-Lievens-Esse
Kriek	Brouwerij De Ranke	Wevelgem
Kriek	Brouwerij Boon	Lembeek
Kriek	Brouwerij Lindemans	Vlezenbeek
Kriek-Lambic	Brasserie-Brouwerij Cantillon	Anderlecht
La Bière des Collines van de Saisis	Brasserie Ellezelloise	Ellezelles
La Chouffe Golden Ale	Brasserie D'Achouffe	Houffalize-Achouffe
La Divine Double Blond	Brasserie de Silly	Silly
La Divine Tripel Amber	Brasserie de Silly	Silly
La Moneuse	Brasserie de Blaugies	Blaugies
La Quintine Ambrée / Amber	Brasserie Ellezelloise	Ellezelles
La Quintine Blonde	Brasserie Ellezelloise	Ellezelles
Lambic 2002	Brasserie-Brouwerij Cantillon	Anderlecht
Leffe Blonde	Abbaye de Leffe	Dinant
Leute Bok Bier	Brouwerij Van Steenberge	Ertvelde
Liefmans Kriekbier	Brouwerij Liefmans	Oudenaarde
Limburgse Witte	Brouwerij Sint-Jozef	Opitter
Loterbol	Brouwerij Duysters	Diest
Lozen Boer Abt	De Proef Brouwerij	Lochristi-Hijfte
Lucifer	Brouwerij Liefmans	Oudenaarde
Lucifer	Liefmans Breweries	Dentergem
Malheur 10	Brouwerij De Landtsheer	Buggenhout
Malheur 12	Brouwerij De Landtsheer	Buggenhout
Malheur Black Chocolate 2003	Brouwerij De Landtsheer	Buggenhout
Malheur Brut Reserve	Brouwerij De Landtsheer	Buggenhout
Malheur MM	Brouwerij De Landtsheer	Buggenhout
Maredsous 10 Tripple	Brouwerij Duvel Moortgat	Breendonk
Mariage Parfait 1995	Brouwerij Boon	Lembeek
Martin's Pale Ale	John Martin sa	Genval
McChouffe	Brasserie D'Achouffe	Houffalize-Achouffe
Moinette Blonde	Brasserie Dupont	Tourpes
Moinette Brune	Brasserie Dupont	Tourpes
Moneuse Speciale Noël	Brasserie de Blaugies	Blaugies
Monk Brown Ale	Brewery Corsendonk	Oud-Turnhout
Monk Pale Ale / Agnus Dei	Brewery Corsendonk	Oud-Turnhout
Monk's Cafe	Brouwerij Van Steenberge	Ertvelde
Mont St. Aubert	Brasserie de Brunehaut	Brunehaut
Montagnarde	Brasserie De L'Abbaye Des Rocs	Montignies-sur-Roc
Mort Subite Gueuze Lambic	Brouwerij De Keersmaeker	Kobbegem
Noblesse	de dochter van de korenaar	baarle-hertog
Nostradamus	Brasserie La Caracole	Falmignoul
Oerbier	Brouwerij De Dolle Brouwers	Esen
Ondineke Oilsjtersen Tripel	Kleinbrouwerij de Glazen Toren	Erpe-Mere
Original White Ale	Brouwerij van Hoegaarden	Hoegaarden
Orval Trappist Ale	Brasserie d'Orval	Villers-devant-Orval
Oudbeitje	Hanssens Artisanal	Dworp
Oude Geuze	3 Fonteinen Brouwerij Ambachtelijke Geuzestekerij	Beersel
Oude Gueuze	Hanssens Artisanal	Dworp
Oude Gueuze Vielle	Brouwerij Oud Beersel	Beersel
Oude Kriek	Hanssens Artisanal	Dworp
Père Noël	Brouwerij De Ranke	Wevelgem
Pêche / Pecheresse	Brouwerij Lindemans	Vlezenbeek
Palm Speciale	Palm Breweries	Steenhuffel
Pannepot	De Struise Brouwers	Woesten
Pater 6	Brouwerij St. Bernardus	Watou
Pauwel Kwak	Brouwerij Bosteels	Buggenhout
Pertotale Faro	Brouwerij Boon	Lembeek
Petite Orval	Brasserie d'Orval	Villers-devant-Orval
Petrus Aged Pale	Brouwerij Bavik - De Brabandere	Bavikhove
Petrus Blond Ale	Brouwerij Bavik - De Brabandere	Bavikhove
Petrus Dubbel Bruin Ale	Brouwerij Bavik - De Brabandere	Bavikhove
Petrus Gouden Tripel Ale	Brouwerij Bavik - De Brabandere	Bavikhove
Petrus Oud Bruin	Brouwerij Bavik - De Brabandere	Bavikhove
Petrus Speciale	Brouwerij Bavik - De Brabandere	Bavikhove
Piraat 10.5%	Brouwerij Van Steenberge	Ertvelde
Podge Belgian Imperial Stout	Alvinne Picobrouwerij	Ingelmunster
Poorter	Brouwerij Sterkens	Hoogstraten-Meer
Poperings Hommel Ale	Brouwerij Van Eecke	Watou
Première (Red)	Brasserie de l'Abbaye de Scourmont (Trappistes)	Chimay-Forges
Prior 8	Brouwerij St. Bernardus	Watou
Rader Ambrée	Brennerei-Distillerie Radermacher	Raeren
Rader Blonde	Brennerei-Distillerie Radermacher	Raeren
Reinaert Flemish Wild Ale	De Proef Brouwerij	Lochristi-Hijfte
Reserve Speciale / Spéciale Noël	Brasserie La Binchoise	Binche
Rochefort 10	Abbaye Notre Dame du St Remy	Rochefort
Rochefort 6	Abbaye Notre Dame du St Remy	Rochefort
Rochefort 8	Abbaye Notre Dame du St Remy	Rochefort
Rodenbach	Brouwerij Rodenbach	Roeselare
Rosé de Gambrinus	Brasserie-Brouwerij Cantillon	Anderlecht
Saison	Brasserie de Silly	Silly
Saison 1900	Brasserie Lefebvre	Quenast
Saison Imperiale	De Proef Brouwerij	Lochristi-Hijfte
Saison Vielle Provision	Brasserie Dupont	Tourpes
Saison Voisin	Brasserie des Gants	Irchonwelz
Sara Buckwheat Ale	Brasserie De Silenrieux	Cerfontaine-Silenrieux
Satan Gold	Brouwerij De Block	Merchtem-Peizegem
Satan Red	Brouwerij De Block	Merchtem-Peizegem
Saxo	Brasserie La Caracole	Falmignoul
Scaldis / Bush Amber 12%	Brasserie Dubuisson	Pipaix
Scaldis Noël / Bush Noël	Brasserie Dubuisson	Pipaix
Scaldis Prestige	Brasserie Dubuisson	Pipaix
Scotch	Brasserie de Silly	Silly
Serafijn Christmas Angel	Microbrouwerij Achilles	Itegem
Slaapmutske Triple Nightcap	De Proef Brouwerij	Lochristi-Hijfte
Spéciale Noël	Brasserie De L'Abbaye Des Rocs	Montignies-sur-Roc
Special Extra Export Stout	Brouwerij De Dolle Brouwers	Esen
Speciale Noël	Brasserie Fantme	Soy
St. Bernardus Tripel	Brouwerij St. Bernardus	Watou
St. Bernardus Witbier	Brouwerij St. Bernardus	Watou
St. Louis Gueuze	Brouwerij Van Honsebrouck	Ingelmunster
St. Paul Blond	Brouwerij Sterkens	Hoogstraten-Meer
St. Paul Double	Brouwerij Sterkens	Hoogstraten-Meer
St. Paul Special	Brouwerij Sterkens	Hoogstraten-Meer
St. Paul Triple	Brouwerij Sterkens	Hoogstraten-Meer
St. Sebastiaan Dark	Brouwerij Sterkens	Hoogstraten-Meer
St. Sebastiaan Golden	Brouwerij Sterkens	Hoogstraten-Meer
St.Hermes Abbey Ale	Brasserie Clarysse	Oudenaarde
Steenbrugge Tripel Blond	Brouwerij Van Steenberge	Ertvelde
Stella Artois	Brouwerij Artois	Leuven
Stille Nacht	Brouwerij De Dolle Brouwers	Esen
Stouterik / The Brussels Stout	Brasserie de la Senne	Sint-Pieters-Leeuw
Straffe Hendrik Brugse	De Halve Maan	Brugge
Straffe Hendrik Bruin	De Halve Maan	Brugge
Strange Ghost	Brasserie Fantme	Soy
Tikka Gold	Brouwerij Van Steenberge	Ertvelde
Timmermans  Faro	Timmermans	Itterbeek
Timmermans Forest Fruit	Timmermans	Itterbeek
Timmermans Framboise	Timmermans	Itterbeek
Timmermans Gueuze	Timmermans	Itterbeek
Timmermans Kriek	Timmermans	Itterbeek
Timmermans lambicus Blanche	Timmermans	Itterbeek
Timmermans Pêche	Timmermans	Itterbeek
Tongerlo Christmas	Tongerlo	Westerlo
Tongerlo Dubbel  Blond	Tongerlo	Westerlo
Tongerlo Dubbel Bruin	Tongerlo	Westerlo
Tongerlo Tripple	Tongerlo	Westerlo
Tournay Black	Brasserie de Cazeau	    
Trappist Blond	Brouwerij De Achelse Kluis	Achel
Trappist Bruin Bier / Bière Brune	Brouwerij De Achelse Kluis	Achel
Trappist Extra	Brouwerij De Achelse Kluis	Achel
Trappist Westvleteren 12	Brouwerij Abdij Saint Sixtus	Westvleteren
Trappist Westvleteren 8	Brouwerij Abdij Saint Sixtus	Westvleteren
Trappist Westvleteren Blonde	Brouwerij Abdij Saint Sixtus	Westvleteren
Tripel Krullekop	De Proef Brouwerij	Lochristi-Hijfte
Triple	Brasserie de l'Abbaye Val-Dieu	Aubel
Triple	Brouwerij St-Feuillien	Le Roeulx
Triple	Brasserie Artisanale de Rulles	Habay-Rulles
Triple Impériale	Brasserie De L'Abbaye Des Rocs	Montignies-sur-Roc
Triple Karmeliet	Brouwerij Bosteels	Buggenhout
Triple Moine	Brasserie du Bocq	Purnode
Troubadour	Brouwerij The Musketiers	Ursel
Troublette	Brasserie La Caracole	Falmignoul
Ultra Ambrée	Brasserie d'Ecaussinnes	Ecaussinnes
Ultrablonde	Brasserie d'Ecaussinnes	Ecaussinnes
Ultrabrune	Brasserie d'Ecaussinnes	Ecaussinnes
Urthel Hibernius Quentum Ale	De Leyerth Brouwerijen	Ruiselede
Urthel Hop-It	De Leyerth Brouwerijen	Ruiselede
Urthel Novicius Vertus	De Leyerth Brouwerijen	Ruiselede
Urthel Samaranth Quadrium Ale	De Leyerth Brouwerijen	Ruiselede
Urthel Tonicum Finiboldhus	De Leyerth Brouwerijen	Ruiselede
Urthel Vlaemse Bock	De Leyerth Brouwerijen	Ruiselede
Van den Vern Grand Cru	De Proef Brouwerij	Lochristi-Hijfte
Vichtenaar	Brouwerij Verhaeghe	Vichte
Vigneronne	Brasserie-Brouwerij Cantillon	Anderlecht
Vlas Kop	Brouwerij Strubbe	Ichtegem
Vondel	Liefmans Breweries	Dentergem
Vuuve	Brouwerij De Regenboog	Assebroek
Watou Tripel	Brouwerij St. Bernardus	Watou
Westmalle Trappist Dubbel	Brouwerij Abdij der Trappisten van Westmalle	Westmalle
Westmalle Trappist Tripel	Brouwerij Abdij der Trappisten van Westmalle	Westmalle
White Ale	Brouwerij Sterkens	Hoogstraten-Meer
Winter	Brasserie de l'Abbaye Val-Dieu	Aubel
Winterkoninkse	Brouwerij Kerkom	Kerkom
Witkap-Pater Singel Abbey Ale	Brouwerij Slaghmuylder	Ninove
Witkap-Pater Tripel	Brouwerij Slaghmuylder	Ninove
Witte	De Struise Brouwers	Woesten
Witte Ezel	Brouwerij Bavik - De Brabandere	Bavikhove
Wittekerke	Brouwerij Bavik - De Brabandere	Bavikhove
XX Bitter	Brouwerij De Ranke	Wevelgem
Zinnebir	Brasserie de la Senne	Sint-Pieters-Leeuw
Zinnebir Xmas	Brasserie de la Senne	Sint-Pieters-Leeuw
Zoetzuur Flemish Ale	De Proef Brouwerij	Lochristi-Hijfte
